name,label,group,part_no,motion,arbor,ratio_to_escape,z0_mm,z1_mm,x_mm,y_mm,area_mm2
barrel_drum,Barrel drum,energy,001-870,train,barrel,0.0001851851851851852,-3.3,-1.85,1.991412284513707,5.471360284525952,9.094822696598433
barrel_teeth,Barrel toothed rim,energy,001-870,train,barrel,0.0001851851851851852,-1.85,-1.5500000000000003,1.991412284513707,5.471360284525952,71.34832871340858
barrel_lid,Barrel cover,energy,001-870,train,barrel,0.0001851851851851852,-3.3,-3.15,1.991412284513707,5.471360284525952,61.352566783735185
barrel_arbor,Barrel arbor,energy,001-870,static,,0.0,-4.65,-1.1,1.991412284513707,5.471360284525952,7.546329262014449
mainspring,Mainspring (fully wound),energy,001-870,static,,0.0,-2.9250000000000003,-1.925,1.991412284513707,5.471360284525952,29.49560777001143
ratchet_wheel,Ratchet wheel,energy,059-560,crown,,0.0,-4.66,-4.44,1.991412284513707,5.471360284525952,23.191598749196725
crown_wheel,Crown wheel,keyless,058-360,crown,,0.0,-4.66,-4.44,5.268020461669675,3.177054539121768,4.005303107971716
click,Click,energy,060-390,static,,0.0,-4.66,-4.44,0.0,0.0,1.4570547420174769
centre_pinion,Centre pinion,going train,012-116,train,centre,-0.001388888888888889,-1.85,-1.5500000000000003,0.0,0.0,1.0731198037470762
centre_wheel,Centre wheel,going train,012-116,train,centre,-0.001388888888888889,-1.42,-1.27,0.0,0.0,13.919551103607448
centre_arbor,centre arbor,going train,012-116,train,centre,-0.001388888888888889,-4.4,0.7,0.0,0.0,0.28269287558014583
third_pinion,Third pinion,going train,017-760,train,third,0.011111111111111112,-1.47,-1.22,1.1841054041270835,-3.8730342616502935,0.43740755309398416
third_wheel,Third wheel,going train,017-760,train,third,0.011111111111111112,-3.55,-3.42,1.1841054041270835,-3.8730342616502935,13.131753807876173
third_arbor,third arbor,going train,017-760,train,third,0.011111111111111112,-4.2,-0.9500000000000001,1.1841054041270835,-3.8730342616502935,0.031410319508905105
fourth_pinion,Fourth pinion,going train,023-940,train,fourth,-0.08333333333333334,-3.58,-3.39,2.701262107461527,-7.6281288726457825,0.4958585719920401
fourth_wheel,Fourth wheel,going train,023-940,train,fourth,-0.08333333333333334,-2.3,-2.15,2.701262107461527,-7.6281288726457825,8.70208960289606
fourth_arbor,fourth arbor,going train,023-940,train,fourth,-0.08333333333333334,-4.2,-0.9500000000000001,2.701262107461527,-7.6281288726457825,0.031410319508905105
seconds_pinion,Centre second pinion,going train,025-670,train,seconds,-0.08333333333333334,-3.58,-3.39,0.0,0.0,0.4958585719920401
seconds_arbor,Centre second pinion arbor,going train,025-670,train,seconds,-0.08333333333333334,-3.58,2.05,0.0,0.0,0.022693955845183925
escape_pinion,Escape pinion,going train,032-106,train,escape,1.0,-2.35,-2.1,-0.3473376894635423,-8.55022663220733,0.1150227996998715
escape_arbor,escape arbor,going train,032-106,train,escape,1.0,-3.1200000000000006,-0.9500000000000001,-0.3473376894635423,-8.55022663220733,0.02010260448569927
escape_wheel,Escape wheel (15 club teeth),escapement,032-106,train,escape,1.0,-2.95,-2.83,-0.3473376894635423,-8.55022663220733,4.823016484219985
pallet_fork,Pallet fork (lever),escapement,035-560,fork,,0.0,-2.95,-2.8,-2.375664002217238,-7.221357801588222,1.9642193870271274
pallet_stones,Pallet stones (entry/exit),escapement,035-560,fork,,0.0,-2.9800000000000004,-2.78,-2.375664002217238,-7.221357801588222,0.31679999999999997
guard_pin,Guard pin,escapement,035-560,fork,,0.0,-3.0700000000000003,-2.95,-2.375664002217238,-7.221357801588222,0.005025651121424822
pallet_staff,Pallet staff,escapement,035-560,fork,,0.0,-3.1200000000000006,-1.0,-2.375664002217238,-7.221357801588222,0.02010260448569927
balance_rim,Balance rim,oscillator,039-102,balance,,0.0,-4.02,-3.6200000000000006,-5.3033008588991075,-5.303300858899106,12.850111337883643
balance_arms,Balance arms,oscillator,039-102,balance,,0.0,-3.8000000000000003,-3.6200000000000006,-5.3033008588991075,-5.303300858899106,4.601005730431788
balance_staff,Balance staff,oscillator,039-102,balance,,0.0,-4.699999999999999,-1.0,-5.3033008588991075,-5.303300858899106,0.031410319508905105
roller,Impulse roller (double roller),oscillator,039-102,balance,,0.0,-2.9,-2.78,-5.3033008588991075,-5.303300858899106,2.420959358364618
impulse_pin,Impulse jewel (roller pin),oscillator,039-102,balance,,0.0,-3.0300000000000002,-2.78,-5.3033008588991075,-5.303300858899106,0.031410319508905125
hairspring,Hairspring (flat spiral),oscillator,039-102,balance,,0.0,-4.18,-4.08,-5.3033008588991075,-5.303300858899106,4.966996801419262
cannon_pinion,Cannon pinion,motion works,,train,centre,-0.001388888888888889,0.05,0.30000000000000004,0.0,0.0,0.2954118790846024
minute_wheel,Minute wheel,motion works,072-520,train,minute_wheel,0.000462962962962963,0.05,0.30000000000000004,-1.299038105676658,0.7499999999999998,3.7853224130880534
minute_pinion,Minute pinion,motion works,072-520,train,minute_wheel,0.000462962962962963,0.38,0.7,-1.299038105676658,0.7499999999999998,0.2039018269650643
hour_wheel,Hour wheel,motion works,075-124,train,hour,-0.00011574074074074075,0.38,0.7,0.0,0.0,2.3449588778375436
hour_pipe,Hour wheel pipe,motion works,075-124,train,hour,-0.00011574074074074075,0.7,1.35,0.0,0.0,0.7819075203518503
cannon_pipe,Cannon pinion pipe,motion works,,train,centre,-0.001388888888888889,0.30000000000000004,1.7,0.0,0.0,0.728110146763962
hour_hand,Hour hand,hands,,train,hour,-0.00011574074074074075,1.35,1.4700000000000002,0.0,0.0,10.078021559277184
minute_hand,Minute hand,hands,,train,centre,-0.001388888888888889,1.7,1.82,0.0,0.0,12.66837261378098
seconds_hand,Seconds hand,hands,,train,seconds,-0.08333333333333334,2.05,2.1699999999999995,0.0,0.0,5.0743485373877695
rotor_pinion,Rotor pinion,automatic winding,119-A17,rotor,,1.0,-4.95,-4.82,0.0,0.0,0.6957203811769258
reversing_wheel,Reversing wheel,automatic winding,141-190,auto,,-0.3333333333333333,-4.95,-4.82,1.726415520812763,1.6671800891015935,9.802343668602337
sliding_wheel_pinion,Ratchet sliding wheel (one-way clutch),automatic winding,087-250,auto,,-0.3333333333333333,-4.8,-4.68,1.726415520812763,1.6671800891015935,0.42608717932910956
reduction_wheel,Reduction wheel,automatic winding,088-120,auto,,0.06666666666666667,-4.8,-4.68,-0.3941363791232289,3.3384848607329847,15.412085969647173
reduction_pinion,Reduction pinion,automatic winding,088-120,auto,,0.06666666666666667,-4.66,-4.44,-0.3941363791232289,3.3384848607329847,0.3172612767339578
rotor,Oscillating weight (rotor),automatic winding,119-A17,rotor,,1.0,-5.67,-4.97,0.0,0.0,132.5493413101166
main_plate,Main plate (pillar plate),structure,,static,,0.0,-1.1,0.0,0.0,0.0,389.7984270320362
train_bridge,Barrel and train wheel bridge,structure,701-F52,static,,0.0,-4.4,-3.8,0.0,0.0,62.08294421686243
centre_cock,Centre wheel cock,structure,711-074,static,,0.0,-4.4,-3.8,0.0,0.0,20.491826732630205
pallet_bridge,Pallet bridge,structure,708-095,static,,0.0,-3.45,-3.1200000000000006,0.0,0.0,8.352409128446206
balance_cock,Balance bridge (cock),structure,350-020,static,,0.0,-4.8,-4.3,0.0,0.0,15.364225954442677
regulator,Regulator index,oscillator,350-020,static,,0.0,-4.92,-4.8,0.0,0.0,2.29038987677079
jewel_centre_train_bridge,"Jewel (centre, train_bridge)",jewels,,static,,0.0,-4.42,-4.28,0.0,0.0,0.538759098996957
jewel_third_plate,"Jewel (third, plate)",jewels,,static,,0.0,-0.12000000000000001,0.02,0.0,0.0,0.5387590989969567
jewel_third_train_bridge,"Jewel (third, train_bridge)",jewels,,static,,0.0,-4.42,-4.28,0.0,0.0,0.5387590989969567
jewel_fourth_plate,"Jewel (fourth, plate)",jewels,,static,,0.0,-0.12000000000000001,0.02,0.0,0.0,0.538759098996957
jewel_fourth_train_bridge,"Jewel (fourth, train_bridge)",jewels,,static,,0.0,-4.42,-4.28,0.0,0.0,0.538759098996957
jewel_escape_plate,"Jewel (escape, plate)",jewels,,static,,0.0,-0.12000000000000001,0.02,0.0,0.0,0.5387590989969565
jewel_escape_train_bridge,"Jewel (escape, train_bridge)",jewels,,static,,0.0,-4.42,-4.28,0.0,0.0,0.5387590989969565
jewel_pallet_plate,"Jewel (pallet, plate)",jewels,,static,,0.0,-0.12000000000000001,0.02,0.0,0.0,0.5387590989969571
jewel_pallet_pallet_bridge,"Jewel (pallet, pallet_bridge)",jewels,,static,,0.0,-3.4700000000000006,-3.3300000000000005,0.0,0.0,0.5387590989969571
jewel_balance_plate,"Jewel (balance, plate)",jewels,,static,,0.0,-0.12000000000000001,0.02,0.0,0.0,0.5387590989969571
jewel_balance_balance_cock,"Jewel (balance, balance_cock)",jewels,,static,,0.0,-4.819999999999999,-4.679999999999999,0.0,0.0,0.5387590989969571
stem,Setting stem,keyless,065-212,static,,0.0,-1.0,-0.09999999999999999,0.0,0.0,12.690000000000003
winding_pinion,Winding pinion,keyless,064-450,static,,0.0,-1.35,0.25,0.0,0.0,2.2400000000000007
clutch,Clutch wheel,keyless,064-450,static,,0.0,-1.25,0.14999999999999997,0.0,0.0,1.680000000000002
setting_lever,Setting lever + yoke,keyless,067-860,static,,0.0,0.0,0.25,0.0,0.0,5.500000000000001
crown,Crown,case,,static,,0.0,-2.85,1.7499999999999998,0.0,0.0,11.960000000000008
dial,Skeleton dial (ring),dial,,static,,0.0,0.85,1.2,0.0,0.0,905.1152863148875
indices,Hour indices,dial,,static,,0.0,1.2,1.3499999999999999,0.0,0.0,15.840000000000025
inner_ring,Inner chapter ring,dial,,static,,0.0,1.2,1.32,0.0,0.0,71.53087279393938
case,Case middle (44 mm),case,,static,,0.0,-7.27,5.880000000000001,0.0,0.0,276.41640303639684
crystal,Crystal,case,,static,,0.0,4.980000000000001,5.680000000000001,0.0,0.0,1244.0708803911552
caseback_glass,Exhibition caseback glass,case,,static,,0.0,-7.27,-6.469999999999999,0.0,0.0,660.5032766905895
