t_h,wound_turns,barrel_torque_Nm,amplitude_deg,rate_s_day,beat_error_ms,power_barrel_W,power_escape_W,power_balance_W,energy_J,cumulative_error_s
0.0,5.626329983318129,0.003321199808109416,227.103514811257,-8.259179881871148,0.7441604614136788,7.728782902415092e-07,6.004978907466319e-07,3.152347074208629e-07,0.09882897279253151,0.0
0.25,5.592996649984796,0.0033123222049795628,226.7108434012182,-8.195610487367249,0.7455763413977557,7.708123781841585e-07,5.988784478849833e-07,3.144101286080255e-07,0.09807390665882805,-0.08570203317311664
0.5,5.559663316651463,0.0033034445999004423,226.31817199117938,-8.13204109286335,0.7469922213818327,7.687464656731928e-07,5.972590050233346e-07,3.135855497951881e-07,0.09732086152164551,-0.17074188515348437
0.75,5.52632998331813,0.0032945669926758544,225.9255005811406,-8.068471698359449,0.7484081013659097,7.666805526629542e-07,5.956395621616859e-07,3.127609709823508e-07,0.09656983738098392,-0.25511955594110314
1.0,5.4929966499847955,0.0032856893830898715,225.53282917110175,-8.004902303855548,0.7498239813499867,7.646146391031941e-07,5.940201193000373e-07,3.1193639216951333e-07,0.09582083423684325,-0.33883504553597293
1.25,5.459663316651462,0.0032768117709048514,225.14015776106297,-7.941332909351649,0.7512398613340637,7.625487249386105e-07,5.924006764383886e-07,3.11111813356676e-07,0.09507385208922353,-0.42188835393809376
1.5,5.426329983318129,0.003267934155859263,224.74748635102415,-7.87776351484775,0.7526557413181407,7.604828101083425e-07,5.907812335767399e-07,3.102872345438386e-07,0.09432889093812476,-0.5042794811474657
1.75,5.392996649984796,0.003259056537665285,224.35481494098534,-7.81419412034385,0.7540716213022177,7.584168945454109e-07,5.891617907150913e-07,3.094626557310012e-07,0.09358595078354692,-0.5860084271640886
2.0,5.359663316651463,0.003250178916006161,223.96214353094652,-7.75062472583995,0.7554875012862947,7.563509781761033e-07,5.875423478534426e-07,3.086380769181638e-07,0.09284503162549004,-0.6670751919879626
2.25,5.3263299833181295,0.0032413012905333004,223.56947212090773,-7.687055331336051,0.7569033812703717,7.542850609192988e-07,5.85922904991794e-07,3.078134981053264e-07,0.09210613346395408,-0.7474797756190876
2.5,5.292996649984796,0.00323242366086308,223.17680071086892,-7.623485936832152,0.7583192612544487,7.522191426857243e-07,5.843034621301453e-07,3.06988919292489e-07,0.09136925629893906,-0.8272221780574637
2.75,5.259663316651462,0.003223546026573326,222.7841293008301,-7.55991654232825,0.7597351412385257,7.501532233771355e-07,5.826840192684966e-07,3.0616434047965163e-07,0.09063440013044496,-0.9063023993030908
3.0,5.226329983318129,0.0032146683871994456,222.3914578907913,-7.496347147824351,0.7611510212226027,7.480873028854169e-07,5.810645764068479e-07,3.0533976166681423e-07,0.08990156495847183,-0.9847204393559689
3.25,5.192996649984796,0.003205790742230169,221.99878648075247,-7.432777753320451,0.7625669012066797,7.460213810915903e-07,5.794451335451993e-07,3.045151828539769e-07,0.08917075078301964,-1.062476298216098
3.5,5.1596633166514625,0.003196913091102864,221.60611507071366,-7.369208358816552,0.7639827811907567,7.439554578647255e-07,5.778256906835506e-07,3.036906040411395e-07,0.08844195760408839,-1.1395699758834783
3.75,5.126329983318129,0.0031880354331983826,221.21344366067484,-7.305638964312653,0.7653986611748337,7.418895330607403e-07,5.76206247821902e-07,3.028660252283021e-07,0.08771518542167807,-1.2160014723581096
4.0,5.092996649984796,0.0031791577678353905,220.82077225063605,-7.242069569808753,0.7668145411589107,7.398236065210807e-07,5.745868049602534e-07,3.020414464154647e-07,0.08699043423578869,-1.291770787639992
4.25,5.059663316651463,0.0031702800942641288,220.42810084059724,-7.178500175304854,0.7682304211429877,7.377576780712699e-07,5.729673620986046e-07,3.012168676026273e-07,0.08626770404642026,-1.3668779217291254
4.5,5.02632998331813,0.0031614024116595483,220.03542943055842,-7.114930780800954,0.7696463011270647,7.356917475193105e-07,5.71347919236956e-07,3.003922887897899e-07,0.08554699485357277,-1.4413228746255098
4.75,4.9929966499847955,0.0031525247191137567,219.6427580205196,-7.051361386297053,0.7710621811111418,7.336258146539263e-07,5.697284763753073e-07,2.9956770997695253e-07,0.08482830665724618,-1.5151056463291452
5.0,4.959663316651462,0.0031436470156277134,219.2500866104808,-6.987791991793154,0.7724780610952188,7.315598792426298e-07,5.681090335136586e-07,2.9874313116411514e-07,0.08411163945744056,-1.5882262368400317
5.25,4.926329983318129,0.003134769300102086,218.85741520044198,-6.924222597289254,0.7738939410792958,7.294939410295949e-07,5.6648959065201e-07,2.979185523512778e-07,0.08339699325415588,-1.6606846461581692
5.5,4.892996649984796,0.003125891571327194,218.4647437904032,-6.860653202785355,0.7753098210633728,7.274279997333162e-07,5.648701477903614e-07,2.970939735384404e-07,0.08268436804739214,-1.7324808742835578
5.75,4.859663316651463,0.003117013827971945,218.07207238036438,-6.797083808281455,0.7767257010474498,7.253620550440342e-07,5.632507049287127e-07,2.96269394725603e-07,0.08197376383714934,-1.8036149212161974
6.0,4.8263299833181295,0.0031081360685716653,217.67940097032556,-6.733514413777556,0.7781415810315268,7.232961066209041e-07,5.61631262067064e-07,2.954448159127656e-07,0.08126518062342748,-1.874086786956088
6.25,4.792996649984795,0.003099258291514707,217.28672956028674,-6.669945019273655,0.7795574610156037,7.212301540888784e-07,5.600118192054154e-07,2.946202370999282e-07,0.08055861840622655,-1.9438964715032296
6.5,4.759663316651462,0.003090380495027718,216.89405815024793,-6.606375624769755,0.7809733409996807,7.191641970352791e-07,5.583923763437666e-07,2.9379565828709083e-07,0.07985407718554657,-2.0130439748576223
6.75,4.726329983318129,0.0030815026771594395,216.5013867402091,-6.542806230265856,0.7823892209837577,7.170982350060278e-07,5.56772933482118e-07,2.9297107947425343e-07,0.07915155696138752,-2.0815292970192663
7.0,4.692996649984796,0.0030726248357628733,216.09777542703773,-6.470699504522082,0.7839239000938497,7.150322675014955e-07,5.55153372101533e-07,2.92145155212202e-07,0.07845105773374943,-2.149307972721287
7.25,4.6596633166514625,0.0030637469684756755,215.69162031827898,-6.396607640036879,0.785486202912203,7.129662939719394e-07,5.535337831623907e-07,2.9131891810023474e-07,0.07775257950263227,-2.2163251974325315
7.5,4.626329983318129,0.0030548690726985793,215.28546520952023,-6.322515775551675,0.7870485057305562,7.10900313812483e-07,5.519141942232485e-07,2.9049268098826747e-07,0.07705612226803603,-2.282570631888722
7.75,4.592996649984796,0.0030459911455716646,214.87931010076144,-6.248423911066473,0.7886108085489094,7.088343263575926e-07,5.502946052841062e-07,2.896664438763002e-07,0.07636168602996077,-2.3480442760898583
8.0,4.559663316651463,0.003037113183948252,214.4731549920027,-6.17433204658127,0.7901731113672626,7.067683308750027e-07,5.48675016344964e-07,2.8884020676433293e-07,0.07566927078840642,-2.4127461300359405
8.25,4.52632998331813,0.0030282351843661827,214.06699988324394,-6.1002401820960666,0.7917354141856159,7.047023265590321e-07,5.470554274058218e-07,2.8801396965236566e-07,0.07497887654337301,-2.476676193726968
8.5,4.4929966499847955,0.003019357143016229,213.66084477448516,-6.026148317610861,0.7932977170039692,7.026363125232335e-07,5.454358384666795e-07,2.871877325403984e-07,0.07429050329486053,-2.5398344671629416
8.75,4.459663316651462,0.0030104790557073497,213.2546896657264,-5.952056453125659,0.7948600198223225,7.005702877923072e-07,5.438162495275372e-07,2.863614954284311e-07,0.07360415104286902,-2.602220950343861
9.0,4.426329983318129,0.0030016009178284596,212.84853455696762,-5.877964588640455,0.7964223226406757,6.985042512932051e-07,5.421966605883949e-07,2.8553525831646385e-07,0.07291981978739843,-2.663835643269726
9.25,4.392996649984796,0.002992722724306391,212.44237944820887,-5.803872724155252,0.797984625459029,6.964382018453475e-07,5.405770716492527e-07,2.847090212044966e-07,0.07223750952844879,-2.724678545940537
9.5,4.359663316651463,0.0029838444695596414,212.03622433945011,-5.729780859670049,0.7995469282773823,6.943721381498595e-07,5.389574827101104e-07,2.8388278409252936e-07,0.07155722026602009,-2.784749658356294
9.75,4.326329983318129,0.0029749661474475077,211.63006923069133,-5.655688995184844,0.8011092310957355,6.923060587777348e-07,5.373378937709681e-07,2.8305654698056204e-07,0.07087895200011231,-2.844048980516997
10.0,4.292996649984795,0.0029660877512141287,211.22391412193258,-5.581597130699641,0.8026715339140887,6.902399621568131e-07,5.357183048318258e-07,2.8223030986859477e-07,0.07020270473072548,-2.902576512422645
10.25,4.259663316651462,0.0029572092734269414,210.8177590131738,-5.507505266214438,0.8042338367324421,6.881738465574585e-07,5.340987158926836e-07,2.8140407275662755e-07,0.06952847845785959,-2.960332254073239
10.5,4.226329983318129,0.0029483307059089917,210.41160390441505,-5.433413401729235,0.8057961395507953,6.861077100768073e-07,5.324791269535413e-07,2.805778356446603e-07,0.06885627318151465,-3.017316205468779
10.75,4.192996649984796,0.0029394520396644717,210.0054487956563,-5.359321537244032,0.8073584423691486,6.840415506214399e-07,5.30859538014399e-07,2.79751598532693e-07,0.06818608890169063,-3.0735283666092648
11.0,4.1596633166514625,0.002930573264796833,209.59929368689754,-5.285229672758828,0.8089207451875018,6.81975365888325e-07,5.292399490752568e-07,2.7892536142072574e-07,0.06751792561838757,-3.1289687374946964
11.25,4.126329983318129,0.002921694370418714,209.19313857813876,-5.211137808273626,0.810483048005855,6.799091533438583e-07,5.276203601361145e-07,2.7809912430875847e-07,0.06685178333160544,-3.183637318125074
11.5,4.092996649984796,0.002912815344552875,208.78698346938,-5.137045943788422,0.8120453508242083,6.7784291020081e-07,5.260007711969722e-07,2.772728871967912e-07,0.06618766204134426,-3.2375341085003972
11.75,4.059663316651463,0.0029039361740232457,208.38082836062125,-5.0629540793032195,0.8136076536425616,6.757766333929689e-07,5.2438118225783e-07,2.7644665008482393e-07,0.065525561747604,-3.290659108620666
12.0,4.026329983318129,0.0028950568443350914,207.97467325186247,-4.988862214818014,0.8151699564609148,6.737103195472572e-07,5.227615933186877e-07,2.7562041297285666e-07,0.06486548245038469,-3.3430123184858807
12.25,3.9929966499847955,0.002886177339543224,207.56851814310372,-4.914770350332811,0.8167322592792681,6.716439649530612e-07,5.211420043795454e-07,2.747941758608894e-07,0.06420742414968632,-3.394593738096041
12.5,3.9596633166514623,0.002877297642107056,207.16236303434493,-4.840678485847608,0.8182945620976213,6.695775655285009e-07,5.195224154404031e-07,2.739679387489222e-07,0.06355138684550889,-3.4454033674511475
12.75,3.926329983318129,0.0028684177327311937,206.74398124908925,-4.756319863877172,0.8199950452759847,6.67511116783334e-07,5.179018627309431e-07,2.7313980128643344e-07,0.06289737053785241,-3.495387733855964
13.0,3.892996649984796,0.002859537590190133,206.32512721535758,-4.6715646941959434,0.8217008655927305,6.654446137781617e-07,5.162812727963988e-07,2.723115904239789e-07,0.06224537522671685,-3.544491299262595
13.25,3.8596633166514627,0.0028506571911354537,205.90627318162592,-4.586809524514715,0.8234066859094763,6.633780510795598e-07,5.146606828618545e-07,2.7148337956152426e-07,0.06159540091210225,-3.5927119983183795
13.5,3.826329983318129,0.0028417765098837987,205.48741914789426,-4.5020543548334855,0.8251125062262221,6.613114227107396e-07,5.130400929273101e-07,2.706551686990697e-07,0.06094744759400856,-3.640049831023318
13.75,3.792996649984796,0.0028328955181837006,205.0685651141626,-4.417299185152258,0.826818326542968,6.592447220972863e-07,5.114195029927658e-07,2.6982695783661513e-07,0.06030151527243583,-3.6865047973774105
14.0,3.759663316651462,0.002824014184959166,204.6497110804309,-4.3325440154710275,0.8285241468597139,6.571779420074877e-07,5.097989130582215e-07,2.689987469741605e-07,0.05965760394738403,-3.7320768973806566
14.25,3.726329983318129,0.002815132476027688,204.23085704669924,-4.247788845789799,0.8302299671764597,6.551110744867133e-07,5.081783231236772e-07,2.6817053611170595e-07,0.05901571361885319,-3.7767661310330567
14.5,3.6929966499847957,0.002806250353790162,203.81200301296758,-4.163033676108571,0.8319357874932055,6.530441107852541e-07,5.065577331891329e-07,2.673423252492514e-07,0.05837584428684327,-3.8205724983346108
14.75,3.6596633166514625,0.002797367776889887,203.39314897923592,-4.078278506427343,0.8336416078099513,6.50977041278969e-07,5.049371432545885e-07,2.665141143867968e-07,0.057737995951354294,-3.863495999285319
15.0,3.626329983318129,0.002788484699837599,202.97429494550425,-3.9935233367461134,0.8353474281266972,6.489098553820252e-07,5.033165533200441e-07,2.656859035243422e-07,0.057102168612386255,-3.9055366338851805
15.25,3.5929966499847956,0.002779601072599133,202.5554409117726,-3.908768167064885,0.8370532484434431,6.468425414509441e-07,5.016959633854998e-07,2.6485769266188763e-07,0.05646836226993917,-3.946694402134196
15.5,3.5596633166514624,0.002770716840142022,202.13658687804093,-3.8240129973836567,0.8387590687601889,6.44775086679089e-07,5.000753734509555e-07,2.6402948179943307e-07,0.05583657692401301,-3.9869693040323657
15.75,3.526329983318129,0.0027618319419369305,201.71773284430927,-3.739257827702428,0.8404648890769347,6.427074769806439e-07,4.984547835164112e-07,2.6320127093697845e-07,0.0552068125746078,-4.026361339579689
16.0,3.4929966499847955,0.002752946311409441,201.2988788105776,-3.654502658021199,0.8421707093936805,6.406396968630384e-07,4.968341935818668e-07,2.623730600745239e-07,0.05457906922172352,-4.064870508776167
16.25,3.4596633166514623,0.002744059875337253,200.88002477684594,-3.5697474883399702,0.8438765297104264,6.385717292866695e-07,4.952136036473225e-07,2.615448492120693e-07,0.05395334686536018,-4.102496811621798
16.5,3.426329983318129,0.0027351725531873806,200.46117074311428,-3.484992318658742,0.8455823500271722,6.365035555106602e-07,4.935930137127782e-07,2.607166383496147e-07,0.05332964550551779,-4.139240248116582
16.75,3.3929966499847954,0.0027262842563873686,200.04231670938262,-3.4002371489775127,0.847288170343918,6.344351549232645e-07,4.919724237782339e-07,2.5988842748716014e-07,0.05270796514219633,-4.175100818260521
17.0,3.3596633166514622,0.0027173948875239867,199.62346267565096,-3.315481979296284,0.8489939906606639,6.32366504855394e-07,4.903518338436896e-07,2.5906021662470557e-07,0.05208830577539582,-4.210078522053614
17.25,3.326329983318129,0.002708504339462187,199.2046086419193,-3.2307268096150557,0.8506998109774098,6.302975803755913e-07,4.887312439091453e-07,2.58232005762251e-07,0.05147066740511623,-4.244173359495861
17.5,3.292996649984796,0.0026996124943764197,198.77607679640604,-3.1397402870079,0.8525229891180975,6.282283540646058e-07,4.871069500123343e-07,2.5740087657039306e-07,0.0508550500313576,-4.277352875624105
17.75,3.259663316651462,0.0026907192226855807,198.34451542922238,-3.046803114899444,0.8543829047030399,6.261587957675452e-07,4.854814966350324e-07,2.5656883383088943e-07,0.050241453654119896,-4.309574455842372
18.0,3.226329983318129,0.002681824381882054,197.9129540620387,-2.9538659427909892,0.8562428202879822,6.240888723213814e-07,4.838560432577307e-07,2.557367910913858e-07,0.04962987827340314,-4.340827940517843
18.25,3.1929966499847957,0.0026729278152443055,197.481392694855,-2.860928770682534,0.8581027358729244,6.220185472553575e-07,4.822305898804289e-07,2.5490474835188216e-07,0.04902032388920733,-4.371113329650518
18.5,3.1596633166514625,0.002664029350421498,197.04983132767134,-2.7679915985740795,0.8599626514578668,6.199477804616124e-07,4.806051365031272e-07,2.540727056123785e-07,0.048412790501532445,-4.400430623240396
18.75,3.126329983318129,0.0026551287978774053,196.61826996048765,-2.675054426465624,0.861822567042809,6.178765278330634e-07,4.789796831258255e-07,2.5324066287287484e-07,0.04780727811037849,-4.428779821287478
19.0,3.0929966499847956,0.002646225949179688,196.18670859330396,-2.582117254357169,0.8636824826277513,6.158047408653026e-07,4.773542297485237e-07,2.524086201333712e-07,0.0472037867157455,-4.456160923791763
19.25,3.0596633166514624,0.0026373205751191757,195.7551472261203,-2.4891800822487142,0.8655423982126936,6.137323662189341e-07,4.757287763712219e-07,2.5157657739386757e-07,0.046602316317633445,-4.482573930753252
19.5,3.0263299833181287,0.0026284124236423093,195.3235858589366,-2.3962429101402583,0.8674023137976359,6.116593452384313e-07,4.7410332299392013e-07,2.5074453465436394e-07,0.046002866916042315,-4.5080188421719445
19.75,2.9929966499847955,0.002619501217578209,194.89202449175292,-2.3033057380318036,0.8692622293825782,6.095856134232016e-07,4.724778696166184e-07,2.499124919148603e-07,0.04540543851097214,-4.532495658047841
20.0,2.9596633166514623,0.002610586652140018,194.46046312456926,-2.210368565923349,0.8711221449675205,6.075110998461225e-07,4.7085241623931665e-07,2.490804491753566e-07,0.0448100311024229,-4.5560043783809405
20.25,2.926329983318129,0.0026016683921781442,194.02890175738557,-2.117431393814894,0.8729820605524627,6.054357265143428e-07,4.692269628620149e-07,2.48248406435853e-07,0.0442166446903946,-4.578545003171244
20.5,2.8929966499847954,0.002592746069160814,193.59734039020188,-2.024494221706438,0.8748419761374051,6.033594076666243e-07,4.676015094847131e-07,2.4741636369634935e-07,0.04362527927488723,-4.600117532418751
20.75,2.8596633166514622,0.002583819277854936,193.16577902301822,-1.9315570495979832,0.8767018917223474,6.012820490009446e-07,4.659760561074114e-07,2.465843209568457e-07,0.04303593485590081,-4.620721966123462
21.0,2.826329983318129,0.002574887572677565,192.73421765583453,-1.8386198774895286,0.8785618073072896,5.99203546825444e-07,4.6435060273010964e-07,2.457522782173421e-07,0.04244861143343533,-4.6403583042853755
21.25,2.7929966499847954,0.0025659504636853766,192.30265628865084,-1.7456827053810726,0.880421722892232,5.971237871251335e-07,4.6272514935280785e-07,2.449202354778384e-07,0.04186330900749078,-4.659026546904493
21.5,2.759663316651462,0.002557007412166284,191.8614905478554,-1.6481331747980261,0.882380146621614,5.950426445360184e-07,4.6108841383353693e-07,2.4408164017580393e-07,0.04128002757806718,-4.676702671280426
21.75,2.726329983318129,0.0025480578257938346,191.4145735970857,-1.5478217106276124,0.884397558166938,5.929599812174736e-07,4.5944492243719924e-07,2.4323912112355854e-07,0.04069876714516452,-4.6933482696420175
22.0,2.6929966499847957,0.0025391010533011046,190.96765664631602,-1.4475102464571987,0.8864149697122619,5.908756456128042e-07,4.578014310408615e-07,2.423966020713132e-07,0.0401195277087828,-4.708948956918501
22.25,2.659663316651462,0.0025301363786265447,190.52073969554633,-1.347198782286784,0.8884323812575858,5.887894710869213e-07,4.561579396445238e-07,2.415540830190678e-07,0.039542309268922,-4.723504733109876
22.5,2.626329983318129,0.002521163014479555,190.07382274477663,-1.2468873181163702,0.8904497928029098,5.867012744289828e-07,4.545144482481861e-07,2.4071156396682246e-07,0.038967111825582164,-4.737015598216143
22.75,2.5929966499847956,0.0025121800952683793,189.62690579400694,-1.1465758539459565,0.8924672043482338,5.846108542066405e-07,4.5287095685184836e-07,2.398690449145771e-07,0.03839393537876326,-4.749481552237301
23.0,2.5596633166514624,0.0025031866693272734,189.17998884323725,-1.0462643897755428,0.8944846158935578,5.825179889572197e-07,4.5122746545551067e-07,2.390265258623317e-07,0.03782277992846529,-4.76090259517335
23.25,2.5263299833181287,0.0024941816903736773,188.73307189246756,-0.9459529256051279,0.8965020274388817,5.804224351997124e-07,4.495839740591729e-07,2.3818400681008638e-07,0.03725364547468827,-4.771278727024291
23.5,2.4929966499847955,0.0024851640081192715,188.28615494169787,-0.8456414614347143,0.8985194389842057,5.783239252498718e-07,4.4794048266283523e-07,2.3734148775784101e-07,0.03668653201743218,-4.780609947790124
23.75,2.4596633166514623,0.002476132357951325,187.83923799092818,-0.7453299972643006,0.9005368505295297,5.762221648189522e-07,4.4629699126649754e-07,2.3649896870559565e-07,0.036121439556697034,-4.788896257470848
24.0,2.4263299833181287,0.00246708534959247,187.3923210401585,-0.6450185330938857,0.9025542620748537,5.741168303747193e-07,4.446534998701598e-07,2.3565644965335028e-07,0.03555836809248282,-4.796137656066463
24.25,2.3929966499847954,0.0024580214546380146,186.9454040893888,-0.5447070689234721,0.9045716736201777,5.720075662412507e-07,4.430100084738221e-07,2.348139306011049e-07,0.03499731762478956,-4.80233414357697
24.5,2.3596633166514622,0.002448938992859941,186.4984871386191,-0.4443956047530584,0.9065890851655015,5.698939814117317e-07,4.413665170774844e-07,2.3397141154885957e-07,0.034438288153617234,-4.807485720002369
24.75,2.326329983318129,0.0024398361171558375,186.04997570189784,-0.3433874676230999,0.908620447316057,5.677756460459129e-07,4.3971956657052183e-07,2.331270423332353e-07,0.03388127967896584,-4.811588756837661
25.0,2.2929966499847954,0.0024307107970090117,185.57858359136026,-0.2323821607293035,0.9108519989054248,5.656520876211039e-07,4.3802297825908457e-07,2.3225612350471706e-07,0.0333262922008354,-4.81458755698533
25.25,2.259663316651462,0.0024215608003128786,185.1071914808227,-0.12137685383550867,0.9130835504947926,5.635227867025155e-07,4.3632638994764735e-07,2.3138520467619882e-07,0.03277332571922589,-4.816430051852855
25.5,2.226329983318129,0.0024123836733982375,184.63579937028513,-0.010371546941713827,0.9153151020841604,5.613871722953972e-07,4.3462980163621014e-07,2.3051428584768058e-07,0.032222380234137316,-4.817116241440236
25.75,2.1929966499847953,0.002403176719086198,184.16440725974758,0.10063375995208246,0.9175466536735283,5.592446167377202e-07,4.329332133247729e-07,2.2964336701916232e-07,0.031673455745569686,-4.816646125747474
26.0,2.159663316651462,0.0023939369725720764,183.69301514921,0.2116390668458773,0.9197782052628961,5.570944300881057e-07,4.3123662501333566e-07,2.2877244819064408e-07,0.031126552253523,-4.815019704774568
26.25,2.126329983318129,0.0023846611749264108,183.22162303867245,0.32264437373967214,0.9220097568522639,5.549358539592309e-07,4.295400367018984e-07,2.2790152936212584e-07,0.030581669757997247,-4.812236978521518
26.5,2.0929966499847956,0.002375345743978271,182.7502309281349,0.4336496806334669,0.9242413084416318,5.527680547420681e-07,4.278434483904612e-07,2.270306105336076e-07,0.03003880825899244,-4.808297946988325
26.75,2.059663316651462,0.0023659867423229167,182.27883881759732,0.5446549875272633,0.9264728600309996,5.505901161609276e-07,4.261468600790239e-07,2.2615969170508936e-07,0.029497967756508564,-4.803202610174988
27.0,2.0263299833181287,0.0023565798421705327,181.80744670705977,0.6556602944210581,0.9287044116203674,5.484010310933882e-07,4.244502717675867e-07,2.2528877287657112e-07,0.028959148250545633,-4.796950968081506
27.25,1.9929966499847955,0.0023471202867249475,181.3360545965222,0.766665601314853,0.9309359632097352,5.461996925827159e-07,4.227536834561495e-07,2.2441785404805286e-07,0.028422349741103643,-4.789543020707882
27.5,1.9596633166514623,0.0023376028477506776,180.86466248598464,0.8776709082086478,0.933167514799103,5.439848839632674e-07,4.2105709514471223e-07,2.2354693521953462e-07,0.027887572228182594,-4.780978768054114
27.75,1.9263299833181287,0.002328021778953126,180.36258776437472,0.9978017249543747,0.9356177076804749,5.417552680115691e-07,4.192745280100344e-07,2.2263108468330973e-07,0.027354815711782478,-4.771210681423057
28.0,1.8929966499847954,0.0023183707647599122,179.8453640142139,1.1224381103090466,0.938175851060817,5.39509375027192e-07,4.1744951026237035e-07,2.2169304986422562e-07,0.026824080191903306,-4.760167765614393
28.25,1.8596633166514622,0.0023086428640509086,179.32814026405313,1.2470744956637188,0.9407339944411592,5.372455897381359e-07,4.1562449251470624e-07,2.2075501504514153e-07,0.026295365668545078,-4.747826554124952
28.5,1.8263299833181286,0.0022988304483401853,178.81091651389235,1.3717108810183924,0.9432921378215013,5.349621369151154e-07,4.1379947476704213e-07,2.1981698022605745e-07,0.02576867214170778,-4.734187046954733
28.75,1.7929966499847954,0.0022889251338643305,178.29369276373157,1.4963472663730646,0.9458502812018434,5.326570655677937e-07,4.11974457019378e-07,2.1887894540697333e-07,0.025243999611391427,-4.719249244103736
29.0,1.7596633166514621,0.0022789177069781658,177.77646901357076,1.6209836517277365,0.9484084245821855,5.30328231583578e-07,4.1014943927171396e-07,2.1794091058788925e-07,0.024721348077596014,-4.703013145571961
29.25,1.726329983318129,0.0022687980422001638,177.25924526340998,1.7456200370824086,0.9509665679625277,5.279732786559215e-07,4.0832442152404985e-07,2.1700287576880516e-07,0.02420071754032154,-4.685478751359408
29.5,1.6929966499847953,0.002258555012185453,176.7420215132492,1.8702564224370823,0.9535247113428698,5.255896173340908e-07,4.0649940377638574e-07,2.1606484094972108e-07,0.023682107999568002,-4.666646061466078
29.75,1.659663316651462,0.0022481763888335723,176.22479776308842,1.9948928077917545,0.9560828547232119,5.23174402009895e-07,4.046743860287217e-07,2.1512680613063697e-07,0.02316551945533541,-4.646515075891969
30.0,1.6263299833181284,0.002237648734660523,175.69958342178097,2.1214339294901445,0.9586923238866867,5.207245056388145e-07,4.0282493275947187e-07,2.1417608650492388e-07,0.02265095190762375,-4.625075874135293
30.25,1.5929966499847952,0.002226957283479483,175.09632207794004,2.2665793020525227,0.9618031105938412,5.182364919731427e-07,4.007368088862449e-07,2.131014697711068e-07,0.022138405356433036,-4.602221638554341
30.5,1.559663316651462,0.0022160858093410317,174.49306073409915,2.4117246746149013,0.9649138973009956,5.157065850629908e-07,3.9864868501301787e-07,2.1202685303728972e-07,0.02162787980176326,-4.577855472009198
30.75,1.5263299833181287,0.002205016482581147,173.88979939025822,2.55687004717728,0.9680246840081501,5.131306357571361e-07,3.965605611397909e-07,2.1095223630347264e-07,0.021119375243614427,-4.551977374499864
31.0,1.4929966499847955,0.0021937297117126113,173.2865380464173,2.7020154197396584,0.9711354707153046,5.105040849094811e-07,3.944724372665639e-07,2.098776195696556e-07,0.020612891681986534,-4.524587346026339
31.25,1.4596633166514623,0.0021822039697718927,172.68327670257636,2.8471607923020366,0.9742462574224591,5.07821922968138e-07,3.923843133933369e-07,2.088030028358385e-07,0.020108429116879576,-4.4956853865886215
31.5,1.426329983318129,0.002170415603597958,172.08001535873547,2.992306164864415,0.9773570441296136,5.050786455925927e-07,3.9029618952010993e-07,2.0772838610202143e-07,0.01960598754829356,-4.465271496186713
31.75,1.392996649984795,0.0021583386243706633,171.4767540148945,3.1374515374267973,0.9804678308367681,5.022682049097761e-07,3.8820806564688285e-07,2.0665376936820432e-07,0.01910556697622847,-4.433345674820613
32.0,1.3596633166514618,0.002145944477573098,170.86673737404246,3.28459959672311,0.9836221905449622,4.99383955981869e-07,3.860988661216369e-07,2.0556822821034685e-07,0.018607167400684337,-4.399897491830249
32.25,1.3263299833181286,0.0021332017903630614,170.11333953484387,3.4742546876645726,0.9877013873246154,4.964185980169769e-07,3.835423358221207e-07,2.042508161210446e-07,0.01811078882166114,-4.36469512576573
32.5,1.2929966499847954,0.002120076094142309,169.35994169564526,3.663909778606036,0.9917805841042687,4.933641098080608e-07,3.8098580552260456e-07,2.0293340403174234e-07,0.017616431239158882,-4.3275171858372365
32.75,1.2596633166514621,0.0021065295198964933,168.60654385644665,3.8535648695474984,0.995859780883922,4.902116788353228e-07,3.7842927522308836e-07,2.0161599194244008e-07,0.017124094653177567,-4.28836367204477
33.0,1.226329983318129,0.002092520463642101,167.85314601724804,4.043219960488962,0.9999389776635753,4.869516234121728e-07,3.7587274492357216e-07,2.0029857985313783e-07,0.016633779063717186,-4.24723458438833
33.25,1.1929966499847957,0.002078003219057074,167.09974817804945,4.232875051430424,1.0040181744432286,4.835733071944923e-07,3.73316214624056e-07,1.9898116776383557e-07,0.016145484470777748,-4.204129922867917
33.5,1.1596633166514616,0.0020629275740870045,166.3463503388508,4.422530142371892,1.008097371222882,4.800650453066331e-07,3.7075968432453976e-07,1.9766375567453328e-07,0.01565921087435924,-4.15904968748353
33.75,1.1263299833181284,0.002047238368006351,165.52538745614288,4.62799977218181,1.012625559218564,4.764140012648822e-07,3.6799444348976e-07,1.9623808094518526e-07,0.015174958274461678,-4.111911510845229
34.0,1.0929966499847952,0.0020308750050713944,164.5322260575113,4.873774861467808,1.0182980611530392,4.7260607379936494e-07,3.6469727604673255e-07,1.9453648445248804e-07,0.01469272667108506,-4.0624231012949705
34.25,1.059663316651462,0.002013770920525701,163.53906465887974,5.1195499507538065,1.0239705630875147,4.6862577258787395e-07,3.6140010860370517e-07,1.9283488795979083e-07,0.014212516064229378,-4.01037453456465
34.5,1.0263299833181287,0.0019958529943064954,162.54590326024817,5.365325040039805,1.0296430650219899,4.644560818191465e-07,3.581029411606778e-07,1.911332914670936e-07,0.01373432645389464,-3.955765810654267
34.75,0.9929966499847955,0.0019770409073480103,161.55274186161657,5.611100129325803,1.035315566956465,4.6007831039785247e-07,3.5480577371765036e-07,1.894316949743964e-07,0.013258157840080841,-3.898596929563821
35.0,0.9596633166514623,0.001957246434881828,160.559580462985,5.856875218611802,1.0409880688909405,4.5547192748811596e-07,3.51508606274623e-07,1.8773009848169918e-07,0.01278401022278798,-3.8388678912933125
35.25,0.9263299833181282,0.0019363726705900926,159.35546608597699,6.155582555077473,1.0481620625205967,4.5061438196576917e-07,3.475775835142042e-07,1.8569903184289086e-07,0.012311883602016047,-3.7763030070553474
35.5,0.892996649984795,0.0019143131748708155,158.00966554612506,6.489841733718183,1.0563445301640806,4.4548090421068943e-07,3.432208330470206e-07,1.8344667721311233e-07,0.011841777977765065,-3.71044142221787
35.75,0.8596633166514618,0.0018909510398200647,156.66386500627314,6.824100912358895,1.0645269978075644,4.400442885182738e-07,3.38864082579837e-07,1.8119432258333378e-07,0.011373693350035022,-3.6410979709362183
36.0,0.8263299833181286,0.0018661578628182537,155.31806446642122,7.158360090999605,1.0727094654510483,4.342746542421226e-07,3.345073321126534e-07,1.7894196795355526e-07,0.01090762971882592,-3.5682726532103928
36.25,0.7929966499847954,0.0018397926198208217,153.9722639265693,7.492619269640316,1.0808919330945321,4.28139183596875e-07,3.301505816454698e-07,1.766896133237767e-07,0.010443587084137756,-3.491965469040393
36.5,0.7596633166514621,0.0018117004285907333,152.2289946675215,7.918253239815478,1.092238251777108,4.216018338493428e-07,3.246487360600438e-07,1.7384013133378532e-07,0.009981565445970536,-3.411700508053644
36.75,0.7263299833181289,0.0017817111911641436,150.39959466931106,8.36368795896937,1.1042701711508502,4.1462302140592544e-07,3.188987504721912e-07,1.7086125294496936e-07,0.009521564804324253,-3.32689873097664
37.0,0.6929966499847957,0.0017496381038032125,148.57019467110064,8.809122678123263,1.1163020905245924,4.071592750628851e-07,3.1314876488433865e-07,1.678823745561534e-07,0.009063585159198908,-3.237457008908449
37.25,0.6596633166514616,0.0017152760215527786,146.74079467289013,9.254557397277168,1.1283340098983348,3.9916285542140277e-07,3.073987792964859e-07,1.6490349616733734e-07,0.008607626510594492,-3.143375341849072
37.5,0.6263299833181284,0.0016783996632707327,144.40526524015124,9.814815720915698,1.1450375439022127,3.9058133717917905e-07,3.0027008828727755e-07,1.612024315770336e-07,0.008153688858511027,-3.0440556901918177
37.75,0.5929966499847952,0.0016387616416350262,141.9494863585248,10.402354566524702,1.1628509898107637,3.81357150692248e-07,2.9281383567863224e-07,1.5732978539751842e-07,0.007701772202948504,-2.9387579282780654
38.0,0.559663316651462,0.0015960903011318724,139.4937074768984,10.989893412133707,1.1806644357193148,3.71427078851986e-07,2.853575830699869e-07,1.5345713921800325e-07,0.00725187654390692,-2.827339970055886
38.25,0.5263299833181287,0.0015500873453871153,136.70079673603615,11.62182750466065,1.202196069299943,3.6072170494004934e-07,2.7704538128724235e-07,1.4913344502811645e-07,0.006804001881386274,-2.7095705902809155
38.5,0.49299664998479553,0.0015004252334023904,133.46980040862957,12.311450947075535,1.2285592973519328,3.4916480670501485e-07,2.676209173859388e-07,1.4422363704693385e-07,0.006358148215386569,-2.5849180983447897
38.75,0.4596633166514623,0.0014467443222843208,130.238804081223,13.00107438949042,1.254922525403923,3.366726914452716e-07,2.581964534846352e-07,1.3931382906575124e-07,0.005914315545907802,-2.4530820288835087
39.0,0.4263299833181282,0.0013886497318921782,126.45205233269677,13.750066581323228,1.288969609067235,3.2315346637940025e-07,2.474762569485996e-07,1.3371589590538014e-07,0.005472503872949964,-2.313753169660521
39.25,0.392996649984795,0.001325707904459115,122.29511070734327,14.53860442435297,1.3281349254174792,3.0850623803367963e-07,2.358929701281973e-07,1.2765960108870299e-07,0.005032713196513078,-2.166416341505957
39.5,0.3596633166514618,0.0012574428296443598,117.90350314022263,15.320642615918267,1.3715309610915927,2.926202337718432e-07,2.2381486790048045e-07,1.2133788970506193e-07,0.004594943516597131,-2.010899429837878
39.75,0.32632998331812857,0.0011833319026272103,112.67021286506738,16.079368331013065,1.4301014326920842,2.7537383792978347e-07,2.0996199780969192e-07,1.140642015106527e-07,0.004159194833202123,-1.8473577061559439
40.0,0.29299664998479535,0.0011028013797343016,107.1719395940585,16.763308091007513,1.495165707266816,2.5663353429199777e-07,1.956115591642911e-07,1.065202126113001e-07,0.003725467146328056,-1.6763020997912534
40.25,0.25966331665146214,0.0010152213926737858,100.71247447811857,17.175971386916938,1.5837854195832077,2.3625274585119735e-07,1.7945625437852996e-07,9.799574255905808e-08,0.0032937604559749273,-1.4995350191770636
40.5,0.22632998331812892,0.0009199004787051617,93.51810493028393,17.20072993314536,1.6978776922947867,2.1407056192102742e-07,1.6209107458014363e-07,8.880338573168129e-08,0.0028640747621427394,-1.320489699801739
40.75,0.19299664998479482,0.0008160795799706018,85.49809594752664,16.675445032347668,1.843700772717013,1.8991034171705829e-07,1.4340802090287262e-07,7.888057496688767e-08,0.0024364100648314787,-1.1440512885231295
41.0,0.1596633166514616,0.0007029254607187216,76.13052417649952,14.60075716459577,2.059071061670258,1.635781824751968e-07,1.2281002669747717e-07,6.787902926994977e-08,0.00201076636404117,-0.9811544020807158
41.25,0.1263299833181284,0.0005795234862275554,65.18489842533428,9.132267622324887,2.402320168176031,1.3486123903075807e-07,1.0030640324904257e-07,5.577621782027693e-08,0.0015871436597718006,-0.8575448979821707
41.5,0.09299664998479518,0.00044486970183963613,52.18675772456466,-6.338205276135035,3.0431984195418025,1.0352588052622835e-07,7.573924968761295e-08,4.2440451073220714e-08,0.0011655419520233705,-0.8429924899290986
41.75,0.05966331665146196,0.0002978621446136309,36.30564197888068,-67.81585317650553,4.700173060509053,6.931566854079137e-08,4.889259744928855e-08,2.766884076234765e-08,0.0007459612407958804,-1.2292115443699347
